age,pop,state,gender,record_year
15,1015104,未婚,男,2000
16,982160,未婚,男,2000
17,941471,未婚,男,2000
18,1051464,未婚,男,2000
19,845638,未婚,男,2000
20,769704,未婚,男,2000
21,771391,未婚,男,2000
22,682833,未婚,男,2000
23,538998,未婚,男,2000
24,491266,未婚,男,2000
25,392870,未婚,男,2000
26,319967,未婚,男,2000
27,249809,未婚,男,2000
28,197067,未婚,男,2000
29,153690,未婚,男,2000
30,133503,未婚,男,2000
31,97148,未婚,男,2000
32,90591,未婚,男,2000
33,61712,未婚,男,2000
34,62124,未婚,男,2000
35,57054,未婚,男,2000
36,50300,未婚,男,2000
37,52495,未婚,男,2000
38,37252,未婚,男,2000
39,19998,未婚,男,2000
40,26865,未婚,男,2000
41,24129,未婚,男,2000
42,34538,未婚,男,2000
43,36210,未婚,男,2000
44,32750,未婚,男,2000
45,37016,未婚,男,2000
46,35955,未婚,男,2000
47,33417,未婚,男,2000
48,34860,未婚,男,2000
49,28004,未婚,男,2000
50,30215,未婚,男,2000
51,28236,未婚,男,2000
52,24853,未婚,男,2000
53,24027,未婚,男,2000
54,22182,未婚,男,2000
55,22282,未婚,男,2000
56,20895,未婚,男,2000
57,18701,未婚,男,2000
58,19302,未婚,男,2000
59,19173,未婚,男,2000
60,20880,未婚,男,2000
61,15664,未婚,男,2000
62,17898,未婚,男,2000
63,16185,未婚,男,2000
64,14960,未婚,男,2000
65岁及以上,112980,未婚,男,2000
15,928016,未婚,女,2000
16,906262,未婚,女,2000
17,876508,未婚,女,2000
18,981775,未婚,女,2000
19,787568,未婚,女,2000
20,677354,未婚,女,2000
21,617076,未婚,女,2000
22,484913,未婚,女,2000
23,337349,未婚,女,2000
24,259500,未婚,女,2000
25,172146,未婚,女,2000
26,116753,未婚,女,2000
27,77981,未婚,女,2000
28,52953,未婚,女,2000
29,36946,未婚,女,2000
30,28088,未婚,女,2000
31,18201,未婚,女,2000
32,15461,未婚,女,2000
33,9091,未婚,女,2000
34,8129,未婚,女,2000
35,7052,未婚,女,2000
36,6020,未婚,女,2000
37,6213,未婚,女,2000
38,4307,未婚,女,2000
39,2341,未婚,女,2000
40,2658,未婚,女,2000
41,1952,未婚,女,2000
42,2316,未婚,女,2000
43,2177,未婚,女,2000
44,1923,未婚,女,2000
45,1984,未婚,女,2000
46,1991,未婚,女,2000
47,1599,未婚,女,2000
48,1576,未婚,女,2000
49,1295,未婚,女,2000
50,1440,未婚,女,2000
51,1299,未婚,女,2000
52,1098,未婚,女,2000
53,955,未婚,女,2000
54,869,未婚,女,2000
55,830,未婚,女,2000
56,686,未婚,女,2000
57,629,未婚,女,2000
58,656,未婚,女,2000
59,585,未婚,女,2000
60,705,未婚,女,2000
61,506,未婚,女,2000
62,578,未婚,女,2000
63,583,未婚,女,2000
64,582,未婚,女,2000
65岁及以上,10649,未婚,女,2000
15,2,离婚,男,2000
16,6,离婚,男,2000
17,16,离婚,男,2000
18,48,离婚,男,2000
19,140,离婚,男,2000
20,410,离婚,男,2000
21,592,离婚,男,2000
22,1207,离婚,男,2000
23,1888,离婚,男,2000
24,3431,离婚,男,2000
25,5044,离婚,男,2000
26,6806,离婚,男,2000
27,9012,离婚,男,2000
28,11513,离婚,男,2000
29,13494,离婚,男,2000
30,17163,离婚,男,2000
31,16997,离婚,男,2000
32,19720,离婚,男,2000
33,16003,离婚,男,2000
34,19433,离婚,男,2000
35,20602,离婚,男,2000
36,21327,离婚,男,2000
37,25314,离婚,男,2000
38,18266,离婚,男,2000
39,10714,离婚,男,2000
40,14448,离婚,男,2000
41,12527,离婚,男,2000
42,16519,离婚,男,2000
43,16291,离婚,男,2000
44,14410,离婚,男,2000
45,14825,离婚,男,2000
46,14283,离婚,男,2000
47,12570,离婚,男,2000
48,12311,离婚,男,2000
49,9938,离婚,男,2000
50,10396,离婚,男,2000
51,9860,离婚,男,2000
52,8270,离婚,男,2000
53,7783,离婚,男,2000
54,7147,离婚,男,2000
55,6706,离婚,男,2000
56,6102,离婚,男,2000
57,5611,离婚,男,2000
58,5536,离婚,男,2000
59,5411,离婚,男,2000
60,5465,离婚,男,2000
61,4391,离婚,男,2000
62,5067,离婚,男,2000
63,4597,离婚,男,2000
64,4461,离婚,男,2000
65岁及以上,36679,离婚,男,2000
15,6,离婚,女,2000
16,25,离婚,女,2000
17,120,离婚,女,2000
18,367,离婚,女,2000
19,525,离婚,女,2000
20,1141,离婚,女,2000
21,1173,离婚,女,2000
22,1983,离婚,女,2000
23,2342,离婚,女,2000
24,3494,离婚,女,2000
25,4664,离婚,女,2000
26,5722,离婚,女,2000
27,7070,离婚,女,2000
28,8607,离婚,女,2000
29,9701,离婚,女,2000
30,11949,离婚,女,2000
31,11482,离婚,女,2000
32,13077,离婚,女,2000
33,9705,离婚,女,2000
34,11640,离婚,女,2000
35,13086,离婚,女,2000
36,14344,离婚,女,2000
37,17071,离婚,女,2000
38,12109,离婚,女,2000
39,7407,离婚,女,2000
40,9710,离婚,女,2000
41,8017,离婚,女,2000
42,9810,离婚,女,2000
43,10075,离婚,女,2000
44,8744,离婚,女,2000
45,8871,离婚,女,2000
46,8362,离婚,女,2000
47,6916,离婚,女,2000
48,6688,离婚,女,2000
49,5090,离婚,女,2000
50,5162,离婚,女,2000
51,4517,离婚,女,2000
52,3632,离婚,女,2000
53,3163,离婚,女,2000
54,2854,离婚,女,2000
55,2628,离婚,女,2000
56,2251,离婚,女,2000
57,1959,离婚,女,2000
58,1939,离婚,女,2000
59,1745,离婚,女,2000
60,1896,离婚,女,2000
61,1381,离婚,女,2000
62,1548,离婚,女,2000
63,1344,离婚,女,2000
64,1355,离婚,女,2000
65岁及以上,15980,离婚,女,2000
15,0,丧偶,男,2000
16,1,丧偶,男,2000
17,3,丧偶,男,2000
18,4,丧偶,男,2000
19,17,丧偶,男,2000
20,42,丧偶,男,2000
21,82,丧偶,男,2000
22,175,丧偶,男,2000
23,296,丧偶,男,2000
24,552,丧偶,男,2000
25,878,丧偶,男,2000
26,1210,丧偶,男,2000
27,1589,丧偶,男,2000
28,2134,丧偶,男,2000
29,2600,丧偶,男,2000
30,3511,丧偶,男,2000
31,3742,丧偶,男,2000
32,4809,丧偶,男,2000
33,4530,丧偶,男,2000
34,5655,丧偶,男,2000
35,6236,丧偶,男,2000
36,6556,丧偶,男,2000
37,8258,丧偶,男,2000
38,6907,丧偶,男,2000
39,4003,丧偶,男,2000
40,5709,丧偶,男,2000
41,6145,丧偶,男,2000
42,9161,丧偶,男,2000
43,11258,丧偶,男,2000
44,11336,丧偶,男,2000
45,13893,丧偶,男,2000
46,15302,丧偶,男,2000
47,15696,丧偶,男,2000
48,17906,丧偶,男,2000
49,16462,丧偶,男,2000
50,19636,丧偶,男,2000
51,21384,丧偶,男,2000
52,20074,丧偶,男,2000
53,21703,丧偶,男,2000
54,21486,丧偶,男,2000
55,22109,丧偶,男,2000
56,24338,丧偶,男,2000
57,24272,丧偶,男,2000
58,26591,丧偶,男,2000
59,29783,丧偶,男,2000
60,33828,丧偶,男,2000
61,30868,丧偶,男,2000
62,39845,丧偶,男,2000
63,40887,丧偶,男,2000
64,45564,丧偶,男,2000
65岁及以上,959837,丧偶,男,2000
15,1,丧偶,女,2000
16,3,丧偶,女,2000
17,9,丧偶,女,2000
18,23,丧偶,女,2000
19,53,丧偶,女,2000
20,109,丧偶,女,2000
21,187,丧偶,女,2000
22,382,丧偶,女,2000
23,554,丧偶,女,2000
24,905,丧偶,女,2000
25,1199,丧偶,女,2000
26,1622,丧偶,女,2000
27,2057,丧偶,女,2000
28,2560,丧偶,女,2000
29,3039,丧偶,女,2000
30,4145,丧偶,女,2000
31,4373,丧偶,女,2000
32,5757,丧偶,女,2000
33,5216,丧偶,女,2000
34,6821,丧偶,女,2000
35,7917,丧偶,女,2000
36,8889,丧偶,女,2000
37,11455,丧偶,女,2000
38,9974,丧偶,女,2000
39,6337,丧偶,女,2000
40,9161,丧偶,女,2000
41,9046,丧偶,女,2000
42,13381,丧偶,女,2000
43,16658,丧偶,女,2000
44,17727,丧偶,女,2000
45,21325,丧偶,女,2000
46,24595,丧偶,女,2000
47,25463,丧偶,女,2000
48,30136,丧偶,女,2000
49,28948,丧偶,女,2000
50,33708,丧偶,女,2000
51,38653,丧偶,女,2000
52,37380,丧偶,女,2000
53,40614,丧偶,女,2000
54,43024,丧偶,女,2000
55,45636,丧偶,女,2000
56,49080,丧偶,女,2000
57,49119,丧偶,女,2000
58,55580,丧偶,女,2000
59,62731,丧偶,女,2000
60,74461,丧偶,女,2000
61,67355,丧偶,女,2000
62,84601,丧偶,女,2000
63,88759,丧偶,女,2000
64,100410,丧偶,女,2000
65岁及以上,2319067,丧偶,女,2000
15,84,有配偶,男,2000
16,282,有配偶,男,2000
17,1009,有配偶,男,2000
18,3389,有配偶,男,2000
19,8552,有配偶,男,2000
20,22945,有配偶,男,2000
21,52413,有配偶,男,2000
22,136693,有配偶,男,2000
23,252689,有配偶,男,2000
24,410110,有配偶,男,2000
25,531765,有配偶,男,2000
26,693466,有配偶,男,2000
27,810431,有配偶,男,2000
28,918194,有配偶,男,2000
29,999991,有配偶,男,2000
30,1130815,有配偶,男,2000
31,1052202,有配偶,男,2000
32,1186097,有配偶,男,2000
33,944257,有配偶,男,2000
34,1100273,有配偶,男,2000
35,1102622,有配偶,男,2000
36,1079385,有配偶,男,2000
37,1269297,有配偶,男,2000
38,954311,有配偶,男,2000
39,512535,有配偶,男,2000
40,668103,有配偶,男,2000
41,610766,有配偶,男,2000
42,799451,有配偶,男,2000
43,888976,有配偶,男,2000
44,805143,有配偶,男,2000
45,869540,有配偶,男,2000
46,858613,有配偶,男,2000
47,773531,有配偶,男,2000
48,796315,有配偶,男,2000
49,662314,有配偶,男,2000
50,671728,有配偶,男,2000
51,653480,有配偶,男,2000
52,556337,有配偶,男,2000
53,544992,有配偶,男,2000
54,496231,有配偶,男,2000
55,454967,有配偶,男,2000
56,445032,有配偶,男,2000
57,400050,有配偶,男,2000
58,399298,有配偶,男,2000
59,402955,有配偶,男,2000
60,404921,有配偶,男,2000
61,334504,有配偶,男,2000
62,381602,有配偶,男,2000
63,354011,有配偶,男,2000
64,350402,有配偶,男,2000
65岁及以上,3002014,有配偶,男,2000
15,293,有配偶,女,2000
16,1242,有配偶,女,2000
17,4401,有配偶,女,2000
18,16414,有配偶,女,2000
19,33102,有配偶,女,2000
20,105878,有配偶,女,2000
21,210780,有配偶,女,2000
22,338198,有配偶,女,2000
23,451482,有配偶,女,2000
24,640877,有配偶,女,2000
25,753756,有配偶,女,2000
26,895878,有配偶,女,2000
27,970290,有配偶,女,2000
28,1048823,有配偶,女,2000
29,1098169,有配偶,女,2000
30,1220935,有配偶,女,2000
31,1116367,有配偶,女,2000
32,1238242,有配偶,女,2000
33,985252,有配偶,女,2000
34,1132138,有配偶,女,2000
35,1122463,有配偶,女,2000
36,1105145,有配偶,女,2000
37,1275538,有配偶,女,2000
38,956509,有配偶,女,2000
39,529602,有配偶,女,2000
40,663879,有配偶,女,2000
41,591316,有配偶,女,2000
42,773668,有配偶,女,2000
43,868795,有配偶,女,2000
44,803656,有配偶,女,2000
45,852069,有配偶,女,2000
46,851839,有配偶,女,2000
47,774345,有配偶,女,2000
48,788934,有配偶,女,2000
49,664213,有配偶,女,2000
50,654274,有配偶,女,2000
51,623114,有配偶,女,2000
52,531209,有配偶,女,2000
53,510131,有配偶,女,2000
54,470820,有配偶,女,2000
55,429028,有配偶,女,2000
56,407899,有配偶,女,2000
57,367351,有配偶,女,2000
58,361622,有配偶,女,2000
59,358416,有配偶,女,2000
60,352779,有配偶,女,2000
61,290664,有配偶,女,2000
62,317042,有配偶,女,2000
63,291639,有配偶,女,2000
64,290537,有配偶,女,2000
65岁及以上,2246279,有配偶,女,2000
15,915233,未婚,男,2010
16,913488,未婚,男,2010
17,978470,未婚,男,2010
18,970397,未婚,男,2010
19,976585,未婚,男,2010
20,1226067,未婚,男,2010
21,1102329,未婚,男,2010
22,932118,未婚,男,2010
23,849661,未婚,男,2010
24,648119,未婚,男,2010
25,482710,未婚,男,2010
26,392544,未婚,男,2010
27,312796,未婚,男,2010
28,285692,未婚,男,2010
29,200132,未婚,男,2010
30,158705,未婚,男,2010
31,130847,未婚,男,2010
32,109670,未婚,男,2010
33,87365,未婚,男,2010
34,85548,未婚,男,2010
35,80115,未婚,男,2010
36,77201,未婚,男,2010
37,73018,未婚,男,2010
38,68458,未婚,男,2010
39,62936,未婚,男,2010
40,63926,未婚,男,2010
41,51737,未婚,男,2010
42,51963,未婚,男,2010
43,39314,未婚,男,2010
44,42027,未婚,男,2010
45,39926,未婚,男,2010
46,36675,未婚,男,2010
47,39521,未婚,男,2010
48,28081,未婚,男,2010
49,15582,未婚,男,2010
50,21062,未婚,男,2010
51,19208,未婚,男,2010
52,27662,未婚,男,2010
53,29475,未婚,男,2010
54,27498,未婚,男,2010
55,29814,未婚,男,2010
56,29691,未婚,男,2010
57,27345,未婚,男,2010
58,28110,未婚,男,2010
59,22877,未婚,男,2010
60,24240,未婚,男,2010
61,23155,未婚,男,2010
62,20166,未婚,男,2010
63,19028,未婚,男,2010
64,17910,未婚,男,2010
65岁及以上,176120,未婚,男,2010
15,809278,未婚,女,2010
16,829163,未婚,女,2010
17,900134,未婚,女,2010
18,884422,未婚,女,2010
19,892200,未婚,女,2010
20,1105268,未婚,女,2010
21,947469,未婚,女,2010
22,761731,未婚,女,2010
23,655297,未婚,女,2010
24,470079,未婚,女,2010
25,324956,未婚,女,2010
26,244938,未婚,女,2010
27,181801,未婚,女,2010
28,155147,未婚,女,2010
29,102047,未婚,女,2010
30,76660,未婚,女,2010
31,56937,未婚,女,2010
32,44596,未婚,女,2010
33,32366,未婚,女,2010
34,28666,未婚,女,2010
35,24327,未婚,女,2010
36,21948,未婚,女,2010
37,19209,未婚,女,2010
38,16490,未婚,女,2010
39,14362,未婚,女,2010
40,13514,未婚,女,2010
41,9416,未婚,女,2010
42,9134,未婚,女,2010
43,6101,未婚,女,2010
44,6151,未婚,女,2010
45,5670,未婚,女,2010
46,5178,未婚,女,2010
47,5479,未婚,女,2010
48,3860,未婚,女,2010
49,2206,未婚,女,2010
50,2529,未婚,女,2010
51,2063,未婚,女,2010
52,2293,未婚,女,2010
53,2335,未婚,女,2010
54,2207,未婚,女,2010
55,2272,未婚,女,2010
56,2105,未婚,女,2010
57,1897,未婚,女,2010
58,1896,未婚,女,2010
59,1622,未婚,女,2010
60,1695,未婚,女,2010
61,1489,未婚,女,2010
62,1344,未婚,女,2010
63,1230,未婚,女,2010
64,1204,未婚,女,2010
65岁及以上,26102,未婚,女,2010
15,129,有配偶,男,2010
16,596,有配偶,男,2010
17,2251,有配偶,男,2010
18,7237,有配偶,男,2010
19,18187,有配偶,男,2010
20,52328,有配偶,男,2010
21,95083,有配偶,男,2010
22,176836,有配偶,男,2010
23,308002,有配偶,男,2010
24,369711,有配偶,男,2010
25,413382,有配偶,男,2010
26,494224,有配偶,男,2010
27,563675,有配偶,男,2010
28,729922,有配偶,男,2010
29,687532,有配偶,男,2010
30,700183,有配偶,男,2010
31,772368,有配偶,男,2010
32,776525,有配偶,男,2010
33,747016,有配偶,男,2010
34,862741,有配偶,男,2010
35,894143,有配偶,男,2010
36,976393,有配偶,男,2010
37,1033938,有配偶,男,2010
38,1077501,有配偶,男,2010
39,1108409,有配偶,男,2010
40,1210701,有配偶,男,2010
41,1099155,有配偶,男,2010
42,1201606,有配偶,男,2010
43,950774,有配偶,男,2010
44,1083214,有配偶,男,2010
45,1080996,有配偶,男,2010
46,1050018,有配偶,男,2010
47,1224935,有配偶,男,2010
48,911835,有配偶,男,2010
49,497856,有配偶,男,2010
50,639940,有配偶,男,2010
51,586506,有配偶,男,2010
52,758829,有配偶,男,2010
53,837986,有配偶,男,2010
54,760730,有配偶,男,2010
55,803259,有配偶,男,2010
56,800850,有配偶,男,2010
57,717355,有配偶,男,2010
58,723830,有配偶,男,2010
59,606554,有配偶,男,2010
60,610445,有配偶,男,2010
61,584723,有配偶,男,2010
62,498343,有配偶,男,2010
63,473582,有配偶,男,2010
64,431022,有配偶,男,2010
65岁及以上,4241653,有配偶,男,2010
15,469,有配偶,女,2010
16,2561,有配偶,女,2010
17,9144,有配偶,女,2010
18,25679,有配偶,女,2010
19,54280,有配偶,女,2010
20,155818,有配偶,女,2010
21,256000,有配偶,女,2010
22,361902,有配偶,女,2010
23,523475,有配偶,女,2010
24,580747,有配偶,女,2010
25,592869,有配偶,女,2010
26,660751,有配偶,女,2010
27,707868,有配偶,女,2010
28,865285,有配偶,女,2010
29,782840,有配偶,女,2010
30,782641,有配偶,女,2010
31,833897,有配偶,女,2010
32,834151,有配偶,女,2010
33,784405,有配偶,女,2010
34,900874,有配偶,女,2010
35,931793,有配偶,女,2010
36,1017217,有配偶,女,2010
37,1060575,有配偶,女,2010
38,1105573,有配偶,女,2010
39,1120586,有配偶,女,2010
40,1234933,有配偶,女,2010
41,1119903,有配偶,女,2010
42,1219265,有配偶,女,2010
43,966646,有配偶,女,2010
44,1090037,有配偶,女,2010
45,1079717,有配偶,女,2010
46,1056998,有配偶,女,2010
47,1208549,有配偶,女,2010
48,909483,有配偶,女,2010
49,512951,有配偶,女,2010
50,638178,有配偶,女,2010
51,550710,有配偶,女,2010
52,736750,有配偶,女,2010
53,808587,有配偶,女,2010
54,751542,有配偶,女,2010
55,781750,有配偶,女,2010
56,784746,有配偶,女,2010
57,711629,有配偶,女,2010
58,707725,有配偶,女,2010
59,592094,有配偶,女,2010
60,579967,有配偶,女,2010
61,530324,有配偶,女,2010
62,460578,有配偶,女,2010
63,426333,有配偶,女,2010
64,393309,有配偶,女,2010
65岁及以上,3228746,有配偶,女,2010
15,1,离婚,男,2010
16,6,离婚,男,2010
17,18,离婚,男,2010
18,61,离婚,男,2010
19,153,离婚,男,2010
20,509,离婚,男,2010
21,963,离婚,男,2010
22,1790,离婚,男,2010
23,3032,离婚,男,2010
24,4301,离婚,男,2010
25,5191,离婚,男,2010
26,6951,离婚,男,2010
27,8784,离婚,男,2010
28,12405,离婚,男,2010
29,12864,离婚,男,2010
30,14836,离婚,男,2010
31,17420,离婚,男,2010
32,18905,离婚,男,2010
33,19278,离婚,男,2010
34,22497,离婚,男,2010
35,24447,离婚,男,2010
36,26590,离婚,男,2010
37,28500,离婚,男,2010
38,30386,离婚,男,2010
39,30890,离婚,男,2010
40,34717,离婚,男,2010
41,31725,离婚,男,2010
42,34094,离婚,男,2010
43,25642,离婚,男,2010
44,28853,离婚,男,2010
45,29654,离婚,男,2010
46,29182,离婚,男,2010
47,33657,离婚,男,2010
48,23461,离婚,男,2010
49,13974,离婚,男,2010
50,18540,离婚,男,2010
51,15303,离婚,男,2010
52,18941,离婚,男,2010
53,18943,离婚,男,2010
54,16457,离婚,男,2010
55,16107,离婚,男,2010
56,15269,离婚,男,2010
57,12986,离婚,男,2010
58,12111,离婚,男,2010
59,9770,离婚,男,2010
60,9508,离婚,男,2010
61,8255,离婚,男,2010
62,6945,离婚,男,2010
63,6410,离婚,男,2010
64,5778,离婚,男,2010
65岁及以上,47304,离婚,男,2010
15,6,离婚,女,2010
16,18,离婚,女,2010
17,64,离婚,女,2010
18,190,离婚,女,2010
19,420,离婚,女,2010
20,999,离婚,女,2010
21,1549,离婚,女,2010
22,2331,离婚,女,2010
23,3410,离婚,女,2010
24,4659,离婚,女,2010
25,5291,离婚,女,2010
26,6366,离婚,女,2010
27,7847,离婚,女,2010
28,10896,离婚,女,2010
29,10856,离婚,女,2010
30,12562,离婚,女,2010
31,14539,离婚,女,2010
32,15557,离婚,女,2010
33,15468,离婚,女,2010
34,18075,离婚,女,2010
35,19615,离婚,女,2010
36,21563,离婚,女,2010
37,23014,离婚,女,2010
38,24267,离婚,女,2010
39,25186,离婚,女,2010
40,28250,离婚,女,2010
41,25326,离婚,女,2010
42,26935,离婚,女,2010
43,19308,离婚,女,2010
44,21937,离婚,女,2010
45,23360,离婚,女,2010
46,24636,离婚,女,2010
47,28597,离婚,女,2010
48,19460,离婚,女,2010
49,11791,离婚,女,2010
50,14872,离婚,女,2010
51,11852,离婚,女,2010
52,14132,离婚,女,2010
53,14037,离婚,女,2010
54,12138,离婚,女,2010
55,11833,离婚,女,2010
56,11219,离婚,女,2010
57,8836,离婚,女,2010
58,8257,离婚,女,2010
59,6518,离婚,女,2010
60,6065,离婚,女,2010
61,5089,离婚,女,2010
62,4235,离婚,女,2010
63,3601,离婚,女,2010
64,3388,离婚,女,2010
65岁及以上,31499,离婚,女,2010
15,2,丧偶,男,2010
16,1,丧偶,男,2010
17,6,丧偶,男,2010
18,8,丧偶,男,2010
19,17,丧偶,男,2010
20,42,丧偶,男,2010
21,96,丧偶,男,2010
22,149,丧偶,男,2010
23,226,丧偶,男,2010
24,309,丧偶,男,2010
25,405,丧偶,男,2010
26,492,丧偶,男,2010
27,606,丧偶,男,2010
28,798,丧偶,男,2010
29,856,丧偶,男,2010
30,1104,丧偶,男,2010
31,1362,丧偶,男,2010
32,1581,丧偶,男,2010
33,1667,丧偶,男,2010
34,2244,丧偶,男,2010
35,2724,丧偶,男,2010
36,3346,丧偶,男,2010
37,4097,丧偶,男,2010
38,4709,丧偶,男,2010
39,5420,丧偶,男,2010
40,7362,丧偶,男,2010
41,7918,丧偶,男,2010
42,9979,丧偶,男,2010
43,8950,丧偶,男,2010
44,11178,丧偶,男,2010
45,12491,丧偶,男,2010
46,13041,丧偶,男,2010
47,16077,丧偶,男,2010
48,13601,丧偶,男,2010
49,8298,丧偶,男,2010
50,12852,丧偶,男,2010
51,13321,丧偶,男,2010
52,19861,丧偶,男,2010
53,23864,丧偶,男,2010
54,24199,丧偶,男,2010
55,28893,丧偶,男,2010
56,32042,丧偶,男,2010
57,32389,丧偶,男,2010
58,36330,丧偶,男,2010
59,33754,丧偶,男,2010
60,40753,丧偶,男,2010
61,43580,丧偶,男,2010
62,40751,丧偶,男,2010
63,41935,丧偶,男,2010
64,41896,丧偶,男,2010
65岁及以上,1194178,丧偶,男,2010
15,1,丧偶,女,2010
16,2,丧偶,女,2010
17,17,丧偶,女,2010
18,18,丧偶,女,2010
19,50,丧偶,女,2010
20,129,丧偶,女,2010
21,240,丧偶,女,2010
22,383,丧偶,女,2010
23,552,丧偶,女,2010
24,707,丧偶,女,2010
25,845,丧偶,女,2010
26,1020,丧偶,女,2010
27,1186,丧偶,女,2010
28,1725,丧偶,女,2010
29,1753,丧偶,女,2010
30,2180,丧偶,女,2010
31,2673,丧偶,女,2010
32,3159,丧偶,女,2010
33,3413,丧偶,女,2010
34,4618,丧偶,女,2010
35,5337,丧偶,女,2010
36,6873,丧偶,女,2010
37,8044,丧偶,女,2010
38,9315,丧偶,女,2010
39,10968,丧偶,女,2010
40,14513,丧偶,女,2010
41,15587,丧偶,女,2010
42,19194,丧偶,女,2010
43,17719,丧偶,女,2010
44,22407,丧偶,女,2010
45,26062,丧偶,女,2010
46,28883,丧偶,女,2010
47,36410,丧偶,女,2010
48,31571,丧偶,女,2010
49,20110,丧偶,女,2010
50,28899,丧偶,女,2010
51,28901,丧偶,女,2010
52,42342,丧偶,女,2010
53,50596,丧偶,女,2010
54,52636,丧偶,女,2010
55,61281,丧偶,女,2010
56,69347,丧偶,女,2010
57,71565,丧偶,女,2010
58,79966,丧偶,女,2010
59,75520,丧偶,女,2010
60,87176,丧偶,女,2010
61,92471,丧偶,女,2010
62,90583,丧偶,女,2010
63,95540,丧偶,女,2010
64,97988,丧偶,女,2010
65岁及以上,2881066,丧偶,女,2010
15,844803,未婚,男,2020
16,933657,未婚,男,2020
17,824821,未婚,男,2020
18,752915,未婚,男,2020
19,769398,未婚,男,2020
20,772588,未婚,男,2020
21,700986,未婚,男,2020
22,704019,未婚,男,2020
23,655912,未婚,男,2020
24,629268,未婚,男,2020
25,617366,未婚,男,2020
26,530136,未婚,男,2020
27,490692,未婚,男,2020
28,426183,未婚,男,2020
29,376509,未婚,男,2020
30,386298,未婚,男,2020
31,305168,未婚,男,2020
32,238005,未婚,男,2020
33,214816,未婚,男,2020
34,161235,未婚,男,2020
35,121137,未婚,男,2020
36,103953,未婚,男,2020
37,90227,未婚,男,2020
38,90956,未婚,男,2020
39,71684,未婚,男,2020
40,60272,未婚,男,2020
41,60206,未婚,男,2020
42,53402,未婚,男,2020
43,48739,未婚,男,2020
44,50664,未婚,男,2020
45,50714,未婚,男,2020
46,52876,未婚,男,2020
47,52252,未婚,男,2020
48,50710,未婚,男,2020
49,50027,未婚,男,2020
50,48963,未婚,男,2020
51,43248,未婚,男,2020
52,43237,未婚,男,2020
53,33931,未婚,男,2020
54,36767,未婚,男,2020
55,33816,未婚,男,2020
56,32007,未婚,男,2020
57,35161,未婚,男,2020
58,24163,未婚,男,2020
59,13107,未婚,男,2020
60,16617,未婚,男,2020
61,16994,未婚,男,2020
62,23724,未婚,男,2020
63,26487,未婚,男,2020
64,23884,未婚,男,2020
65岁及以上,272796,未婚,男,2020
15,740863,未婚,女,2020
16,816619,未婚,女,2020
17,716750,未婚,女,2020
18,646197,未婚,女,2020
19,689659,未婚,女,2020
20,686292,未婚,女,2020
21,599815,未婚,女,2020
22,568170,未婚,女,2020
23,505267,未婚,女,2020
24,456834,未婚,女,2020
25,414845,未婚,女,2020
26,329916,未婚,女,2020
27,277396,未婚,女,2020
28,219580,未婚,女,2020
29,179540,未婚,女,2020
30,174540,未婚,女,2020
31,131841,未婚,女,2020
32,102145,未婚,女,2020
33,88776,未婚,女,2020
34,66624,未婚,女,2020
35,49809,未婚,女,2020
36,43164,未婚,女,2020
37,38009,未婚,女,2020
38,38083,未婚,女,2020
39,28785,未婚,女,2020
40,23435,未婚,女,2020
41,21391,未婚,女,2020
42,18831,未婚,女,2020
43,16123,未婚,女,2020
44,15717,未婚,女,2020
45,14723,未婚,女,2020
46,14677,未婚,女,2020
47,14528,未婚,女,2020
48,13056,未婚,女,2020
49,12316,未婚,女,2020
50,11363,未婚,女,2020
51,8864,未婚,女,2020
52,8653,未婚,女,2020
53,6058,未婚,女,2020
54,6088,未婚,女,2020
55,5654,未婚,女,2020
56,5300,未婚,女,2020
57,5748,未婚,女,2020
58,4041,未婚,女,2020
59,2374,未婚,女,2020
60,2614,未婚,女,2020
61,2216,未婚,女,2020
62,2632,未婚,女,2020
63,2592,未婚,女,2020
64,2371,未婚,女,2020
65岁及以上,29054,未婚,女,2020
15,160,有配偶,男,2020
16,478,有配偶,男,2020
17,1382,有配偶,男,2020
18,3098,有配偶,男,2020
19,6616,有配偶,男,2020
20,13743,有配偶,男,2020
21,26104,有配偶,男,2020
22,54548,有配偶,男,2020
23,91842,有配偶,男,2020
24,144873,有配偶,男,2020
25,225211,有配偶,男,2020
26,298955,有配偶,男,2020
27,415655,有配偶,男,2020
28,523749,有配偶,男,2020
29,651617,有配偶,男,2020
30,911350,有配偶,男,2020
31,956967,有配偶,男,2020
32,950633,有配偶,男,2020
33,1072055,有配偶,男,2020
34,963052,有配偶,男,2020
35,848834,有配偶,男,2020
36,859775,有配偶,男,2020
37,851994,有配偶,男,2020
38,984703,有配偶,男,2020
39,864343,有配偶,男,2020
40,798786,有配偶,男,2020
41,886403,有配偶,男,2020
42,848104,有配偶,男,2020
43,814976,有配偶,男,2020
44,908747,有配偶,男,2020
45,929386,有配偶,男,2020
46,1017868,有配偶,男,2020
47,1069195,有配偶,男,2020
48,1095793,有配偶,男,2020
49,1134544,有配偶,男,2020
50,1188439,有配偶,男,2020
51,1115599,有配偶,男,2020
52,1194062,有配偶,男,2020
53,951928,有配偶,男,2020
54,1078951,有配偶,男,2020
55,1053268,有配偶,男,2020
56,1021190,有配偶,男,2020
57,1186450,有配偶,男,2020
58,860670,有配偶,男,2020
59,462063,有配偶,男,2020
60,573911,有配偶,男,2020
61,544594,有配偶,男,2020
62,689598,有配偶,男,2020
63,766634,有配偶,男,2020
64,679999,有配偶,男,2020
65岁及以上,6993042,有配偶,男,2020
15,646,有配偶,女,2020
16,2190,有配偶,女,2020
17,5126,有配偶,女,2020
18,11020,有配偶,女,2020
19,21446,有配偶,女,2020
20,42799,有配偶,女,2020
21,72669,有配偶,女,2020
22,124761,有配偶,女,2020
23,181244,有配偶,女,2020
24,256181,有配偶,女,2020
25,359929,有配偶,女,2020
26,435502,有配偶,女,2020
27,566291,有配偶,女,2020
28,662000,有配偶,女,2020
29,776772,有配偶,女,2020
30,1048928,有配偶,女,2020
31,1072645,有配偶,女,2020
32,1039220,有配偶,女,2020
33,1141961,有配偶,女,2020
34,1007825,有配偶,女,2020
35,867823,有配偶,女,2020
36,868540,有配偶,女,2020
37,849775,有配偶,女,2020
38,976051,有配偶,女,2020
39,856683,有配偶,女,2020
40,788408,有配偶,女,2020
41,868184,有配偶,女,2020
42,833585,有配偶,女,2020
43,796056,有配偶,女,2020
44,885965,有配偶,女,2020
45,909973,有配偶,女,2020
46,1000834,有配偶,女,2020
47,1043930,有配偶,女,2020
48,1072910,有配偶,女,2020
49,1104314,有配偶,女,2020
50,1176457,有配偶,女,2020
51,1100599,有配偶,女,2020
52,1179980,有配偶,女,2020
53,945172,有配偶,女,2020
54,1055352,有配偶,女,2020
55,1031025,有配偶,女,2020
56,1004945,有配偶,女,2020
57,1147005,有配偶,女,2020
58,842344,有配偶,女,2020
59,466897,有配偶,女,2020
60,553958,有配偶,女,2020
61,509447,有配偶,女,2020
62,645018,有配偶,女,2020
63,716427,有配偶,女,2020
64,653268,有配偶,女,2020
65岁及以上,5870981,有配偶,女,2020
15,1,离婚,男,2020
16,3,离婚,男,2020
17,19,离婚,男,2020
18,37,离婚,男,2020
19,104,离婚,男,2020
20,216,离婚,男,2020
21,398,离婚,男,2020
22,843,离婚,男,2020
23,1482,离婚,男,2020
24,2572,离婚,男,2020
25,4424,离婚,男,2020
26,6492,离婚,男,2020
27,9995,离婚,男,2020
28,14176,离婚,男,2020
29,19713,离婚,男,2020
30,29837,离婚,男,2020
31,34680,离婚,男,2020
32,37388,离婚,男,2020
33,45509,离婚,男,2020
34,43177,离婚,男,2020
35,39266,离婚,男,2020
36,40271,离婚,男,2020
37,41147,离婚,男,2020
38,49742,离婚,男,2020
39,43338,离婚,男,2020
40,40074,离婚,男,2020
41,45610,离婚,男,2020
42,42810,离婚,男,2020
43,41368,离婚,男,2020
44,44586,离婚,男,2020
45,44972,离婚,男,2020
46,47541,离婚,男,2020
47,48282,离婚,男,2020
48,48015,离婚,男,2020
49,48112,离婚,男,2020
50,49029,离婚,男,2020
51,44333,离婚,男,2020
52,45225,离婚,男,2020
53,33403,离婚,男,2020
54,36610,离婚,男,2020
55,35931,离婚,男,2020
56,35120,离婚,男,2020
57,39441,离婚,男,2020
58,26404,离婚,男,2020
59,15383,离婚,男,2020
60,18880,离婚,男,2020
61,16525,离婚,男,2020
62,19252,离婚,男,2020
63,18876,离婚,男,2020
64,15806,离婚,男,2020
65岁及以上,98028,离婚,男,2020
15,3,离婚,女,2020
16,20,离婚,女,2020
17,45,离婚,女,2020
18,111,离婚,女,2020
19,185,离婚,女,2020
20,437,离婚,女,2020
21,801,离婚,女,2020
22,1563,离婚,女,2020
23,2432,离婚,女,2020
24,4004,离婚,女,2020
25,5958,离婚,女,2020
26,7977,离婚,女,2020
27,11088,离婚,女,2020
28,14247,离婚,女,2020
29,18243,离婚,女,2020
30,25968,离婚,女,2020
31,29612,离婚,女,2020
32,31549,离婚,女,2020
33,37133,离婚,女,2020
34,34874,离婚,女,2020
35,31102,离婚,女,2020
36,32018,离婚,女,2020
37,32965,离婚,女,2020
38,39468,离婚,女,2020
39,34623,离婚,女,2020
40,32338,离婚,女,2020
41,36930,离婚,女,2020
42,35945,离婚,女,2020
43,34913,离婚,女,2020
44,37742,离婚,女,2020
45,38567,离婚,女,2020
46,40793,离婚,女,2020
47,42611,离婚,女,2020
48,42466,离婚,女,2020
49,42658,离婚,女,2020
50,43815,离婚,女,2020
51,39759,离婚,女,2020
52,39886,离婚,女,2020
53,28676,离婚,女,2020
54,31320,离婚,女,2020
55,31532,离婚,女,2020
56,31924,离婚,女,2020
57,36184,离婚,女,2020
58,23864,离婚,女,2020
59,13882,离婚,女,2020
60,16720,离婚,女,2020
61,13438,离婚,女,2020
62,15508,离婚,女,2020
63,15245,离婚,女,2020
64,12920,离婚,女,2020
65岁及以上,76264,离婚,女,2020
15,1,丧偶,男,2020
16,2,丧偶,男,2020
17,1,丧偶,男,2020
18,1,丧偶,男,2020
19,4,丧偶,男,2020
20,11,丧偶,男,2020
21,14,丧偶,男,2020
22,24,丧偶,男,2020
23,41,丧偶,男,2020
24,54,丧偶,男,2020
25,95,丧偶,男,2020
26,116,丧偶,男,2020
27,175,丧偶,男,2020
28,255,丧偶,男,2020
29,329,丧偶,男,2020
30,592,丧偶,男,2020
31,715,丧偶,男,2020
32,833,丧偶,男,2020
33,982,丧偶,男,2020
34,1022,丧偶,男,2020
35,1028,丧偶,男,2020
36,1108,丧偶,男,2020
37,1270,丧偶,男,2020
38,1636,丧偶,男,2020
39,1616,丧偶,男,2020
40,1820,丧偶,男,2020
41,2413,丧偶,男,2020
42,2583,丧偶,男,2020
43,3050,丧偶,男,2020
44,3825,丧偶,男,2020
45,4486,丧偶,男,2020
46,5664,丧偶,男,2020
47,6769,丧偶,男,2020
48,8026,丧偶,男,2020
49,9223,丧偶,男,2020
50,11599,丧偶,男,2020
51,13419,丧偶,男,2020
52,16322,丧偶,男,2020
53,15174,丧偶,男,2020
54,19563,丧偶,男,2020
55,21481,丧偶,男,2020
56,22764,丧偶,男,2020
57,29265,丧偶,男,2020
58,24022,丧偶,男,2020
59,14324,丧偶,男,2020
60,21035,丧偶,男,2020
61,23484,丧偶,男,2020
62,33069,丧偶,男,2020
63,41244,丧偶,男,2020
64,40921,丧偶,男,2020
65岁及以上,1336608,丧偶,男,2020
15,0,丧偶,女,2020
16,2,丧偶,女,2020
17,5,丧偶,女,2020
18,11,丧偶,女,2020
19,16,丧偶,女,2020
20,30,丧偶,女,2020
21,44,丧偶,女,2020
22,92,丧偶,女,2020
23,121,丧偶,女,2020
24,179,丧偶,女,2020
25,270,丧偶,女,2020
26,390,丧偶,女,2020
27,509,丧偶,女,2020
28,686,丧偶,女,2020
29,935,丧偶,女,2020
30,1373,丧偶,女,2020
31,1795,丧偶,女,2020
32,2064,丧偶,女,2020
33,2688,丧偶,女,2020
34,2776,丧偶,女,2020
35,2973,丧偶,女,2020
36,3373,丧偶,女,2020
37,3854,丧偶,女,2020
38,5025,丧偶,女,2020
39,5129,丧偶,女,2020
40,5788,丧偶,女,2020
41,7394,丧偶,女,2020
42,8388,丧偶,女,2020
43,9087,丧偶,女,2020
44,11674,丧偶,女,2020
45,13891,丧偶,女,2020
46,17241,丧偶,女,2020
47,20483,丧偶,女,2020
48,23860,丧偶,女,2020
49,27993,丧偶,女,2020
50,35164,丧偶,女,2020
51,39138,丧偶,女,2020
52,48156,丧偶,女,2020
53,45104,丧偶,女,2020
54,56774,丧偶,女,2020
55,63470,丧偶,女,2020
56,70137,丧偶,女,2020
57,88296,丧偶,女,2020
58,73587,丧偶,女,2020
59,45923,丧偶,女,2020
60,62000,丧偶,女,2020
61,64792,丧偶,女,2020
62,90307,丧偶,女,2020
63,108864,丧偶,女,2020
64,110460,丧偶,女,2020
65岁及以上,3633997,丧偶,女,2020
